,Country,Year,Month,Sales
0,Afghanistan,2015,January,20
1,Afghanistan,2016,January,104
2,Afghanistan,2017,January,107
3,Afghanistan,2018,January,124
4,Afghanistan,2019,January,191
5,Afghanistan,2020,January,204
6,Afghanistan,2021,January,168
7,Afghanistan,2022,January,131
8,Azerbaijan,2015,January,56
9,Azerbaijan,2016,January,54
10,Azerbaijan,2017,January,54
11,Azerbaijan,2018,January,65
12,Azerbaijan,2019,January,95
13,Azerbaijan,2020,January,99
14,Azerbaijan,2021,January,68
15,Azerbaijan,2022,January,89
16,Belgium,2016,January,12
17,Belgium,2017,January,10
18,Canada,2022,January,40
19,China,2015,January,20
20,China,2016,January,23
21,China,2020,January,78
22,China,2021,January,63
23,China,2022,January,51
24,Egypt,2015,January,11
25,Egypt,2016,January,26
26,Egypt,2017,January,45
27,Egypt,2018,January,62
28,Egypt,2019,January,83
29,Egypt,2020,January,82
30,Egypt,2021,January,69
31,Egypt,2022,January,88
32,England,2015,January,54
33,England,2016,January,49
34,England,2017,January,40
35,England,2018,January,55
36,England,2019,January,76
37,England,2020,January,72
38,England,2021,January,47
39,England,2022,January,82
40,Germany,2015,January,66
41,Germany,2016,January,49
42,Germany,2017,January,43
43,Germany,2018,January,89
44,Germany,2019,January,119
45,Germany,2020,January,133
46,Germany,2021,January,65
47,Germany,2022,January,204
48,Iran,2015,January,44
49,Iran,2016,January,45
50,Iran,2017,January,42
51,Iran,2018,January,83
52,Iran,2019,January,305
53,Iran,2020,January,678
54,Iran,2021,January,459
55,Iran,2022,January,761
56,Iraq,2015,January,240
57,Iraq,2016,January,308
58,Iraq,2017,January,279
59,Iraq,2018,January,272
60,Iraq,2019,January,605
61,Iraq,2020,January,739
62,Iraq,2021,January,385
63,Iraq,2022,January,513
64,Jordan,2015,January,14
65,Jordan,2016,January,17
66,Jordan,2017,January,33
67,Jordan,2018,January,84
68,Jordan,2019,January,151
69,Jordan,2020,January,107
70,Jordan,2021,January,51
71,Jordan,2022,January,105
72,Kazakhstan,2020,January,65
73,Kazakhstan,2021,January,69
74,Kazakhstan,2015,January,44
75,Kazakhstan,2016,January,46
76,Kazakhstan,2017,January,19
77,Kazakhstan,2018,January,40
78,Kazakhstan,2019,January,30
79,Kazakhstan,2022,January,132
80,Kuwait,2015,January,124
81,Kuwait,2016,January,134
82,Kuwait,2017,January,115
83,Kuwait,2018,January,108
84,Kuwait,2019,January,130
85,Kuwait,2020,January,121
86,Kuwait,2021,January,58
87,Kuwait,2022,January,82
88,Lebanese,2019,January,45
89,Lebanese,2020,January,82
90,Lebanon,2018,January,8
91,Lebanon,2021,January,41
92,Lebanon,2022,January,83
93,Libya,2019,January,69
94,Libya,2020,January,78
95,Libya,2015,January,28
96,Netherlands,2016,January,21
97,Netherlands,2018,January,9
98,Norway,2015,January,17
99,Norway,2016,January,26
100,Norway,2017,January,9
101,Othercountries,2015,January,194
102,Othercountries,2016,January,226
103,Othercountries,2017,January,253
104,Othercountries,2018,January,288
105,Othercountries,2019,January,585
106,Othercountries,2020,January,647
107,Othercountries,2021,January,473
108,Othercountries,2022,January,933
109,Pakistani,2021,January,61
110,Pakistani,2022,January,84
111,Palestine,2017,January,27
112,Palestine,2018,January,32
113,Palestine,2019,January,103
114,Palestine,2020,January,101
115,Palestine,2021,January,74
116,Palestine,2022,January,80
117,Qatar,2015,January,18
118,Qatar,2016,January,12
119,Qatar,2017,January,18
120,Qatar,2018,January,40
121,Qatar,2019,January,73
122,RussianFederation,2015,January,157
123,RussianFederation,2016,January,106
124,RussianFederation,2017,January,60
125,RussianFederation,2018,January,121
126,RussianFederation,2019,January,195
127,RussianFederation,2020,January,254
128,RussianFederation,2021,January,260
129,RussianFederation,2022,January,479
130,SaudiArabia,2015,January,112
131,SaudiArabia,2016,January,136
132,SaudiArabia,2017,January,144
133,SaudiArabia,2018,January,160
134,SaudiArabia,2019,January,108
135,SaudiArabia,2020,January,110
136,SaudiArabia,2022,January,32
137,Sudan,2021,January,45
138,Sweden,2015,January,26
139,Sweden,2016,January,29
140,Sweden,2017,January,24
141,Sweden,2018,January,38
142,Sweden,2019,January,52
143,Sweden,2020,January,55
144,Sweden,2021,January,37
145,Ukraine,2015,January,30
146,Ukraine,2016,January,31
147,Ukraine,2017,January,41
148,Ukraine,2018,January,22
149,Ukraine,2019,January,50
150,Ukraine,2020,January,56
151,Ukraine,2021,January,69
152,Ukraine,2022,January,102
153,UnitedArabEmirates,2015,January,19
154,UnitedArabEmirates,2016,January,20
155,UnitedArabEmirates,2017,January,23
156,UnitedStates,2018,January,10
157,UnitedStates,2019,January,38
158,UnitedStates,2020,January,42
159,UnitedStates,2021,January,62
160,UnitedStates,2022,January,80
161,Yemen,2017,January,12
162,Yemen,2018,January,50
163,Yemen,2019,January,97
164,Yemen,2020,January,142
165,Yemen,2021,January,88
166,Yemen,2022,January,83
167,Yemen,2015,January,10
168,Afghanistan,2015,February,33
169,Afghanistan,2016,February,141
170,Afghanistan,2017,February,81
171,Afghanistan,2018,February,118
172,Afghanistan,2019,February,166
173,Afghanistan,2020,February,256
174,Afghanistan,2021,February,230
175,Afghanistan,2022,February,141
176,Azerbaijan,2015,February,57
177,Azerbaijan,2016,February,54
178,Azerbaijan,2017,February,55
179,Azerbaijan,2018,February,63
180,Azerbaijan,2019,February,105
181,Azerbaijan,2020,February,90
182,Azerbaijan,2021,February,77
183,Azerbaijan,2022,February,93
184,Belgium,2016,February,8
185,Belgium,2017,February,8
186,Canada,2022,February,58
187,China,2015,February,10
188,China,2016,February,27
189,China,2020,February,87
190,China,2021,February,72
191,China,2022,February,47
192,Egypt,2015,February,12
193,Egypt,2016,February,28
194,Egypt,2017,February,46
195,Egypt,2018,February,45
196,Egypt,2019,February,82
197,Egypt,2020,February,93
198,Egypt,2021,February,65
199,Egypt,2022,February,64
200,England,2015,February,86
201,England,2016,February,45
202,England,2017,February,37
203,England,2018,February,48
204,England,2019,February,70
205,England,2020,February,66
206,England,2021,February,44
207,England,2022,February,100
208,Germany,2015,February,52
209,Germany,2016,February,50
210,Germany,2017,February,35
211,Germany,2018,February,53
212,Germany,2019,February,122
213,Germany,2020,February,108
214,Germany,2021,February,96
215,Germany,2022,February,169
216,Iran,2015,February,43
217,Iran,2016,February,52
218,Iran,2017,February,42
219,Iran,2018,February,122
220,Iran,2019,February,307
221,Iran,2020,February,721
222,Iran,2021,February,477
223,Iran,2022,February,711
224,Iraq,2015,February,243
225,Iraq,2016,February,365
226,Iraq,2017,February,282
227,Iraq,2018,February,308
228,Iraq,2019,February,628
229,Iraq,2020,February,691
230,Iraq,2021,February,432
231,Iraq,2022,February,633
232,Jordan,2015,February,15
233,Jordan,2016,February,21
234,Jordan,2017,February,24
235,Jordan,2018,February,46
236,Jordan,2019,February,125
237,Jordan,2020,February,141
238,Jordan,2021,February,81
239,Jordan,2022,February,117
240,Kazakhstan,2020,February,74
241,Kazakhstan,2021,February,119
242,Kazakhstan,2015,February,35
243,Kazakhstan,2016,February,40
244,Kazakhstan,2017,February,16
245,Kazakhstan,2018,February,28
246,Kazakhstan,2019,February,45
247,Kazakhstan,2022,February,197
248,Kuwait,2015,February,144
249,Kuwait,2016,February,159
250,Kuwait,2017,February,114
251,Kuwait,2018,February,99
252,Kuwait,2019,February,150
253,Kuwait,2020,February,79
254,Kuwait,2021,February,41
255,Kuwait,2022,February,144
256,Lebanese,2019,February,61
257,Lebanese,2020,February,46
258,Lebanon,2018,February,11
259,Lebanon,2021,February,49
260,Lebanon,2022,February,73
261,Libya,2019,February,69
262,Libya,2020,February,76
263,Libya,2015,February,31
264,Netherlands,2016,February,23
265,Netherlands,2018,February,43
266,Norway,2015,February,20
267,Norway,2016,February,22
268,Norway,2017,February,9
269,Othercountries,2015,February,241
270,Othercountries,2016,February,245
271,Othercountries,2017,February,231
272,Othercountries,2018,February,313
273,Othercountries,2019,February,626
274,Othercountries,2020,February,732
275,Othercountries,2021,February,521
276,Othercountries,2022,February,963
277,Pakistani,2021,February,63
278,Pakistani,2022,February,101
279,Palestine,2017,February,21
280,Palestine,2018,February,21
281,Palestine,2019,February,66
282,Palestine,2020,February,97
283,Palestine,2021,February,92
284,Palestine,2022,February,113
285,Qatar,2015,February,10
286,Qatar,2016,February,14
287,Qatar,2017,February,19
288,Qatar,2018,February,28
289,Qatar,2019,February,65
290,RussianFederation,2015,February,143
291,RussianFederation,2016,February,88
292,RussianFederation,2017,February,77
293,RussianFederation,2018,February,128
294,RussianFederation,2019,February,236
295,RussianFederation,2020,February,282
296,RussianFederation,2021,February,259
297,RussianFederation,2022,February,509
298,SaudiArabia,2015,February,97
299,SaudiArabia,2016,February,158
300,SaudiArabia,2017,February,143
301,SaudiArabia,2018,February,178
302,SaudiArabia,2019,February,143
303,SaudiArabia,2020,February,109
304,SaudiArabia,2022,February,53
305,Sudan,2021,February,35
306,Sweden,2015,February,33
307,Sweden,2016,February,25
308,Sweden,2017,February,14
309,Sweden,2018,February,29
310,Sweden,2019,February,51
311,Sweden,2020,February,50
312,Sweden,2021,February,40
313,Ukraine,2015,February,29
314,Ukraine,2016,February,25
315,Ukraine,2017,February,35
316,Ukraine,2018,February,32
317,Ukraine,2019,February,52
318,Ukraine,2020,February,76
319,Ukraine,2021,February,60
320,Ukraine,2022,February,111
321,UnitedArabEmirates,2015,February,28
322,UnitedArabEmirates,2016,February,13
323,UnitedArabEmirates,2017,February,11
324,UnitedStates,2018,February,15
325,UnitedStates,2019,February,45
326,UnitedStates,2020,February,43
327,UnitedStates,2021,February,63
328,UnitedStates,2022,February,101
329,Yemen,2017,February,18
330,Yemen,2018,February,30
331,Yemen,2019,February,143
332,Yemen,2020,February,131
333,Yemen,2021,February,79
334,Yemen,2022,February,141
335,Yemen,2015,February,14
336,Afghanistan,2015,March,33
337,Afghanistan,2016,March,148
338,Afghanistan,2017,March,112
339,Afghanistan,2018,March,108
340,Afghanistan,2019,March,150
341,Afghanistan,2020,March,184
342,Afghanistan,2021,March,302
343,Afghanistan,2022,March,214
344,Azerbaijan,2015,March,58
345,Azerbaijan,2016,March,60
346,Azerbaijan,2017,March,50
347,Azerbaijan,2018,March,61
348,Azerbaijan,2019,March,87
349,Azerbaijan,2020,March,95
350,Azerbaijan,2021,March,106
351,Azerbaijan,2022,March,115
352,Belgium,2016,March,28
353,Belgium,2017,March,24
354,Canada,2022,March,88
355,China,2015,March,24
356,China,2016,March,24
357,China,2020,March,86
358,China,2021,March,100
359,China,2022,March,78
360,Egypt,2015,March,19
361,Egypt,2016,March,39
362,Egypt,2017,March,39
363,Egypt,2018,March,41
364,Egypt,2019,March,59
365,Egypt,2020,March,49
366,Egypt,2021,March,99
367,Egypt,2022,March,126
368,England,2015,March,48
369,England,2016,March,62
370,England,2017,March,39
371,England,2018,March,52
372,England,2019,March,74
373,England,2020,March,65
374,England,2021,March,98
375,England,2022,March,140
376,Germany,2015,March,40
377,Germany,2016,March,74
378,Germany,2017,March,31
379,Germany,2018,March,78
380,Germany,2019,March,101
381,Germany,2020,March,87
382,Germany,2021,March,142
383,Germany,2022,March,244
384,Iran,2015,March,60
385,Iran,2016,March,53
386,Iran,2017,March,54
387,Iran,2018,March,156
388,Iran,2019,March,334
389,Iran,2020,March,465
390,Iran,2021,March,663
391,Iran,2022,March,784
392,Iraq,2015,March,297
393,Iraq,2016,March,244
394,Iraq,2017,March,323
395,Iraq,2018,March,348
396,Iraq,2019,March,548
397,Iraq,2020,March,426
398,Iraq,2021,March,644
399,Iraq,2022,March,741
400,Jordan,2015,March,14
401,Jordan,2016,March,28
402,Jordan,2017,March,36
403,Jordan,2018,March,52
404,Jordan,2019,March,101
405,Jordan,2020,March,86
406,Jordan,2021,March,91
407,Jordan,2022,March,117
408,Kazakhstan,2020,March,72
409,Kazakhstan,2021,March,166
410,Kazakhstan,2015,March,52
411,Kazakhstan,2016,March,28
412,Kazakhstan,2017,March,28
413,Kazakhstan,2018,March,28
414,Kazakhstan,2019,March,37
415,Kazakhstan,2022,March,241
416,Kuwait,2015,March,168
417,Kuwait,2016,March,136
418,Kuwait,2017,March,139
419,Kuwait,2018,March,79
420,Kuwait,2019,March,123
421,Kuwait,2020,March,65
422,Kuwait,2021,March,49
423,Kuwait,2022,March,156
424,Lebanese,2019,March,62
425,Lebanese,2020,March,47
426,Lebanon,2018,March,12
427,Lebanon,2021,March,70
428,Lebanon,2022,March,84
429,Libya,2019,March,68
430,Libya,2020,March,87
431,Libya,2015,March,53
432,Netherlands,2016,March,15
433,Netherlands,2018,March,24
434,Norway,2015,March,46
435,Norway,2016,March,23
436,Norway,2017,March,26
437,Othercountries,2015,March,224
438,Othercountries,2016,March,279
439,Othercountries,2017,March,231
440,Othercountries,2018,March,306
441,Othercountries,2019,March,647
442,Othercountries,2020,March,561
443,Othercountries,2021,March,749
444,Othercountries,2022,March,1226
445,Pakistani,2021,March,82
446,Pakistani,2022,March,128
447,Palestine,2017,March,49
448,Palestine,2018,March,23
449,Palestine,2019,March,128
450,Palestine,2020,March,119
451,Palestine,2021,March,96
452,Palestine,2022,March,123
453,Qatar,2015,March,25
454,Qatar,2016,March,17
455,Qatar,2017,March,14
456,Qatar,2018,March,41
457,Qatar,2019,March,51
458,RussianFederation,2015,March,138
459,RussianFederation,2016,March,96
460,RussianFederation,2017,March,115
461,RussianFederation,2018,March,120
462,RussianFederation,2019,March,156
463,RussianFederation,2020,March,227
464,RussianFederation,2021,March,419
465,RussianFederation,2022,March,547
466,SaudiArabia,2015,March,187
467,SaudiArabia,2016,March,151
468,SaudiArabia,2017,March,148
469,SaudiArabia,2018,March,181
470,SaudiArabia,2019,March,189
471,SaudiArabia,2020,March,84
472,SaudiArabia,2022,March,25
473,Sudan,2021,March,57
474,Sweden,2015,March,36
475,Sweden,2016,March,38
476,Sweden,2017,March,20
477,Sweden,2018,March,34
478,Sweden,2019,March,38
479,Sweden,2020,March,42
480,Sweden,2021,March,48
481,Ukraine,2015,March,61
482,Ukraine,2016,March,39
483,Ukraine,2017,March,35
484,Ukraine,2018,March,51
485,Ukraine,2019,March,47
486,Ukraine,2020,March,78
487,Ukraine,2021,March,93
488,Ukraine,2022,March,168
489,UnitedArabEmirates,2015,March,22
490,UnitedArabEmirates,2016,March,22
491,UnitedArabEmirates,2017,March,47
492,UnitedStates,2018,March,22
493,UnitedStates,2019,March,39
494,UnitedStates,2020,March,37
495,UnitedStates,2021,March,91
496,UnitedStates,2022,March,121
497,Yemen,2017,March,40
498,Yemen,2018,March,32
499,Yemen,2019,March,121
500,Yemen,2020,March,113
501,Yemen,2021,March,120
502,Yemen,2022,March,152
503,Yemen,2015,March,15
504,Afghanistan,2015,April,50
505,Afghanistan,2016,April,115
506,Afghanistan,2017,April,81
507,Afghanistan,2018,April,99
508,Afghanistan,2019,April,189
509,Afghanistan,2020,April,54
510,Afghanistan,2021,April,229
511,Afghanistan,2022,April,247
512,Azerbaijan,2015,April,97
513,Azerbaijan,2016,April,47
514,Azerbaijan,2017,April,65
515,Azerbaijan,2018,April,68
516,Azerbaijan,2019,April,87
517,Azerbaijan,2020,April,35
518,Azerbaijan,2021,April,131
519,Azerbaijan,2022,April,156
520,Belgium,2016,April,13
521,Belgium,2017,April,22
522,Canada,2022,April,74
523,China,2015,April,20
524,China,2016,April,20
525,China,2020,April,40
526,China,2021,April,55
527,China,2022,April,105
528,Egypt,2015,April,23
529,Egypt,2016,April,28
530,Egypt,2017,April,38
531,Egypt,2018,April,44
532,Egypt,2019,April,88
533,Egypt,2020,April,10
534,Egypt,2021,April,99
535,Egypt,2022,April,117
536,England,2015,April,91
537,England,2016,April,65
538,England,2017,April,55
539,England,2018,April,57
540,England,2019,April,94
541,England,2020,April,14
542,England,2021,April,82
543,England,2022,April,116
544,Germany,2015,April,79
545,Germany,2016,April,50
546,Germany,2017,April,74
547,Germany,2018,April,97
548,Germany,2019,April,122
549,Germany,2020,April,13
550,Germany,2021,April,144
551,Germany,2022,April,221
552,Iran,2015,April,53
553,Iran,2016,April,66
554,Iran,2017,April,33
555,Iran,2018,April,138
556,Iran,2019,April,332
557,Iran,2020,April,157
558,Iran,2021,April,557
559,Iran,2022,April,905
560,Iraq,2015,April,298
561,Iraq,2016,April,276
562,Iraq,2017,April,245
563,Iraq,2018,April,337
564,Iraq,2019,April,533
565,Iraq,2020,April,103
566,Iraq,2021,April,546
567,Iraq,2022,April,714
568,Jordan,2015,April,19
569,Jordan,2016,April,14
570,Jordan,2017,April,38
571,Jordan,2018,April,62
572,Jordan,2019,April,149
573,Jordan,2020,April,25
574,Jordan,2021,April,94
575,Jordan,2022,April,111
576,Kazakhstan,2020,April,36
577,Kazakhstan,2021,April,188
578,Kazakhstan,2015,April,41
579,Kazakhstan,2016,April,27
580,Kazakhstan,2017,April,25
581,Kazakhstan,2018,April,29
582,Kazakhstan,2019,April,73
583,Kazakhstan,2022,April,311
584,Kuwait,2015,April,187
585,Kuwait,2016,April,172
586,Kuwait,2017,April,169
587,Kuwait,2018,April,116
588,Kuwait,2019,April,202
589,Kuwait,2020,April,6
590,Kuwait,2021,April,78
591,Kuwait,2022,April,104
592,Lebanese,2019,April,49
593,Lebanese,2020,April,10
594,Lebanon,2018,April,16
595,Lebanon,2021,April,61
596,Lebanon,2022,April,92
597,Libya,2019,April,85
598,Libya,2020,April,10
599,Libya,2015,April,39
600,Netherlands,2016,April,32
601,Netherlands,2018,April,31
602,Norway,2015,April,39
603,Norway,2016,April,28
604,Norway,2017,April,21
605,Othercountries,2015,April,268
606,Othercountries,2016,April,280
607,Othercountries,2017,April,317
608,Othercountries,2018,April,385
609,Othercountries,2019,April,672
610,Othercountries,2020,April,143
611,Othercountries,2021,April,798
612,Othercountries,2022,April,1252
613,Pakistani,2021,April,83
614,Pakistani,2022,April,138
615,Palestine,2017,April,19
616,Palestine,2018,April,29
617,Palestine,2019,April,120
618,Palestine,2020,April,14
619,Palestine,2021,April,111
620,Palestine,2022,April,154
621,Qatar,2015,April,20
622,Qatar,2016,April,31
623,Qatar,2017,April,13
624,Qatar,2018,April,37
625,Qatar,2019,April,79
626,RussianFederation,2015,April,196
627,RussianFederation,2016,April,96
628,RussianFederation,2017,April,99
629,RussianFederation,2018,April,112
630,RussianFederation,2019,April,202
631,RussianFederation,2020,April,61
632,RussianFederation,2021,April,402
633,RussianFederation,2022,April,1152
634,SaudiArabia,2015,April,190
635,SaudiArabia,2016,April,165
636,SaudiArabia,2017,April,185
637,SaudiArabia,2018,April,252
638,SaudiArabia,2019,April,395
639,SaudiArabia,2020,April,15
640,SaudiArabia,2022,April,19
641,Sudan,2021,April,63
642,Sweden,2015,April,37
643,Sweden,2016,April,35
644,Sweden,2017,April,36
645,Sweden,2018,April,35
646,Sweden,2019,April,42
647,Sweden,2020,April,1
648,Sweden,2021,April,60
649,Ukraine,2015,April,57
650,Ukraine,2016,April,24
651,Ukraine,2017,April,31
652,Ukraine,2018,April,54
653,Ukraine,2019,April,50
654,Ukraine,2020,April,8
655,Ukraine,2021,April,92
656,Ukraine,2022,April,263
657,UnitedArabEmirates,2015,April,28
658,UnitedArabEmirates,2016,April,16
659,UnitedArabEmirates,2017,April,36
660,UnitedStates,2018,April,22
661,UnitedStates,2019,April,57
662,UnitedStates,2020,April,11
663,UnitedStates,2021,April,125
664,UnitedStates,2022,April,109
665,Yemen,2017,April,32
666,Yemen,2018,April,39
667,Yemen,2019,April,148
668,Yemen,2020,April,30
669,Yemen,2021,April,134
670,Yemen,2022,April,164
671,Yemen,2015,April,24
672,Afghanistan,2015,May,37
673,Afghanistan,2016,May,125
674,Afghanistan,2017,May,70
675,Afghanistan,2018,May,131
676,Afghanistan,2019,May,183
677,Afghanistan,2020,May,48
678,Afghanistan,2021,May,98
679,Afghanistan,2022,May,210
680,Azerbaijan,2015,May,50
681,Azerbaijan,2016,May,58
682,Azerbaijan,2017,May,63
683,Azerbaijan,2018,May,75
684,Azerbaijan,2019,May,90
685,Azerbaijan,2020,May,42
686,Azerbaijan,2021,May,47
687,Azerbaijan,2022,May,118
688,Belgium,2016,May,7
689,Belgium,2017,May,15
690,Canada,2022,May,81
691,China,2015,May,19
692,China,2016,May,36
693,China,2020,May,46
694,China,2021,May,20
695,China,2022,May,186
696,Egypt,2015,May,21
697,Egypt,2016,May,19
698,Egypt,2017,May,52
699,Egypt,2018,May,38
700,Egypt,2019,May,99
701,Egypt,2020,May,23
702,Egypt,2021,May,37
703,Egypt,2022,May,94
704,England,2015,May,103
705,England,2016,May,85
706,England,2017,May,65
707,England,2018,May,112
708,England,2019,May,149
709,England,2020,May,16
710,England,2021,May,36
711,England,2022,May,91
712,Germany,2015,May,73
713,Germany,2016,May,67
714,Germany,2017,May,54
715,Germany,2018,May,123
716,Germany,2019,May,155
717,Germany,2020,May,15
718,Germany,2021,May,87
719,Germany,2022,May,247
720,Iran,2015,May,52
721,Iran,2016,May,53
722,Iran,2017,May,68
723,Iran,2018,May,217
724,Iran,2019,May,509
725,Iran,2020,May,209
726,Iran,2021,May,231
727,Iran,2022,May,736
728,Iraq,2015,May,276
729,Iraq,2016,May,193
730,Iraq,2017,May,277
731,Iraq,2018,May,407
732,Iraq,2019,May,594
733,Iraq,2020,May,143
734,Iraq,2021,May,239
735,Iraq,2022,May,617
736,Jordan,2015,May,21
737,Jordan,2016,May,26
738,Jordan,2017,May,32
739,Jordan,2018,May,65
740,Jordan,2019,May,144
741,Jordan,2020,May,25
742,Jordan,2021,May,36
743,Jordan,2022,May,95
744,Kazakhstan,2020,May,15
745,Kazakhstan,2021,May,80
746,Kazakhstan,2015,May,46
747,Kazakhstan,2016,May,25
748,Kazakhstan,2017,May,17
749,Kazakhstan,2018,May,28
750,Kazakhstan,2019,May,71
751,Kazakhstan,2022,May,218
752,Kuwait,2015,May,216
753,Kuwait,2016,May,182
754,Kuwait,2017,May,125
755,Kuwait,2018,May,114
756,Kuwait,2019,May,152
757,Kuwait,2020,May,7
758,Kuwait,2021,May,43
759,Kuwait,2022,May,130
760,Lebanese,2019,May,57
761,Lebanese,2020,May,9
762,Lebanon,2018,May,25
763,Lebanon,2021,May,44
764,Lebanon,2022,May,87
765,Libya,2019,May,83
766,Libya,2020,May,12
767,Libya,2015,May,42
768,Netherlands,2016,May,17
769,Netherlands,2018,May,41
770,Norway,2015,May,29
771,Norway,2016,May,31
772,Norway,2017,May,25
773,Othercountries,2015,May,313
774,Othercountries,2016,May,297
775,Othercountries,2017,May,299
776,Othercountries,2018,May,410
777,Othercountries,2019,May,713
778,Othercountries,2020,May,135
779,Othercountries,2021,May,393
780,Othercountries,2022,May,1061
781,Pakistani,2021,May,42
782,Pakistani,2022,May,96
783,Palestine,2017,May,20
784,Palestine,2018,May,44
785,Palestine,2019,May,104
786,Palestine,2020,May,18
787,Palestine,2021,May,37
788,Palestine,2022,May,155
789,Qatar,2015,May,32
790,Qatar,2016,May,36
791,Qatar,2017,May,21
792,Qatar,2018,May,50
793,Qatar,2019,May,64
794,RussianFederation,2015,May,222
795,RussianFederation,2016,May,121
796,RussianFederation,2017,May,134
797,RussianFederation,2018,May,165
798,RussianFederation,2019,May,285
799,RussianFederation,2020,May,40
800,RussianFederation,2021,May,119
801,RussianFederation,2022,May,1275
802,SaudiArabia,2015,May,276
803,SaudiArabia,2016,May,160
804,SaudiArabia,2017,May,285
805,SaudiArabia,2018,May,206
806,SaudiArabia,2019,May,157
807,SaudiArabia,2020,May,11
808,SaudiArabia,2022,May,36
809,Sudan,2021,May,20
810,Sweden,2015,May,42
811,Sweden,2016,May,39
812,Sweden,2017,May,48
813,Sweden,2018,May,48
814,Sweden,2019,May,55
815,Sweden,2020,May,3
816,Sweden,2021,May,26
817,Ukraine,2015,May,79
818,Ukraine,2016,May,57
819,Ukraine,2017,May,48
820,Ukraine,2018,May,56
821,Ukraine,2019,May,80
822,Ukraine,2020,May,25
823,Ukraine,2021,May,44
824,Ukraine,2022,May,241
825,UnitedArabEmirates,2015,May,20
826,UnitedArabEmirates,2016,May,11
827,UnitedArabEmirates,2017,May,37
828,UnitedStates,2018,May,26
829,UnitedStates,2019,May,68
830,UnitedStates,2020,May,7
831,UnitedStates,2021,May,54
832,UnitedStates,2022,May,119
833,Yemen,2017,May,40
834,Yemen,2018,May,52
835,Yemen,2019,May,155
836,Yemen,2020,May,21
837,Yemen,2021,May,63
838,Yemen,2022,May,140
839,Yemen,2015,May,28
840,Afghanistan,2015,June,36
841,Afghanistan,2016,June,107
842,Afghanistan,2017,June,73
843,Afghanistan,2018,June,139
844,Afghanistan,2019,June,108
845,Afghanistan,2020,June,60
846,Afghanistan,2021,June,250
847,Afghanistan,2022,June,258
848,Azerbaijan,2015,June,72
849,Azerbaijan,2016,June,63
850,Azerbaijan,2017,June,46
851,Azerbaijan,2018,June,82
852,Azerbaijan,2019,June,67
853,Azerbaijan,2020,June,70
854,Azerbaijan,2021,June,164
855,Azerbaijan,2022,June,131
856,Belgium,2016,June,17
857,Belgium,2017,June,23
858,Canada,2022,June,105
859,China,2015,June,17
860,China,2016,June,23
861,China,2020,June,78
862,China,2021,June,81
863,China,2022,June,377
864,Egypt,2015,June,29
865,Egypt,2016,June,28
866,Egypt,2017,June,31
867,Egypt,2018,June,38
868,Egypt,2019,June,34
869,Egypt,2020,June,40
870,Egypt,2021,June,95
871,Egypt,2022,June,188
872,England,2015,June,104
873,England,2016,June,102
874,England,2017,June,87
875,England,2018,June,88
876,England,2019,June,113
877,England,2020,June,37
878,England,2021,June,63
879,England,2022,June,144
880,Germany,2015,June,68
881,Germany,2016,June,96
882,Germany,2017,June,64
883,Germany,2018,June,102
884,Germany,2019,June,126
885,Germany,2020,June,53
886,Germany,2021,June,192
887,Germany,2022,June,329
888,Iran,2015,June,85
889,Iran,2016,June,55
890,Iran,2017,June,62
891,Iran,2018,June,228
892,Iran,2019,June,415
893,Iran,2020,June,398
894,Iran,2021,June,683
895,Iran,2022,June,987
896,Iraq,2015,June,315
897,Iraq,2016,June,214
898,Iraq,2017,June,239
899,Iraq,2018,June,315
900,Iraq,2019,June,429
901,Iraq,2020,June,257
902,Iraq,2021,June,773
903,Iraq,2022,June,807
904,Jordan,2015,June,12
905,Jordan,2016,June,21
906,Jordan,2017,June,17
907,Jordan,2018,June,64
908,Jordan,2019,June,98
909,Jordan,2020,June,46
910,Jordan,2021,June,83
911,Jordan,2022,June,133
912,Kazakhstan,2020,June,34
913,Kazakhstan,2021,June,165
914,Kazakhstan,2015,June,38
915,Kazakhstan,2016,June,36
916,Kazakhstan,2017,June,35
917,Kazakhstan,2018,June,35
918,Kazakhstan,2019,June,60
919,Kazakhstan,2022,June,318
920,Kuwait,2015,June,214
921,Kuwait,2016,June,110
922,Kuwait,2017,June,136
923,Kuwait,2018,June,90
924,Kuwait,2019,June,113
925,Kuwait,2020,June,19
926,Kuwait,2021,June,151
927,Kuwait,2022,June,190
928,Lebanese,2019,June,43
929,Lebanese,2020,June,27
930,Lebanon,2018,June,22
931,Lebanon,2021,June,107
932,Lebanon,2022,June,98
933,Libya,2019,June,60
934,Libya,2020,June,27
935,Libya,2015,June,40
936,Netherlands,2016,June,13
937,Netherlands,2018,June,28
938,Norway,2015,June,75
939,Norway,2016,June,26
940,Norway,2017,June,24
941,Othercountries,2015,June,420
942,Othercountries,2016,June,287
943,Othercountries,2017,June,234
944,Othercountries,2018,June,352
945,Othercountries,2019,June,485
946,Othercountries,2020,June,323
947,Othercountries,2021,June,966
948,Othercountries,2022,June,1611
949,Pakistani,2021,June,103
950,Pakistani,2022,June,162
951,Palestine,2017,June,17
952,Palestine,2018,June,29
953,Palestine,2019,June,46
954,Palestine,2020,June,30
955,Palestine,2021,June,124
956,Palestine,2022,June,205
957,Qatar,2015,June,26
958,Qatar,2016,June,29
959,Qatar,2017,June,9
960,Qatar,2018,June,35
961,Qatar,2019,June,37
962,RussianFederation,2015,June,238
963,RussianFederation,2016,June,114
964,RussianFederation,2017,June,115
965,RussianFederation,2018,June,169
966,RussianFederation,2019,June,190
967,RussianFederation,2020,June,63
968,RussianFederation,2021,June,300
969,RussianFederation,2022,June,1887
970,SaudiArabia,2015,June,325
971,SaudiArabia,2016,June,112
972,SaudiArabia,2017,June,612
973,SaudiArabia,2018,June,110
974,SaudiArabia,2019,June,102
975,SaudiArabia,2020,June,23
976,SaudiArabia,2022,June,73
977,Sudan,2021,June,53
978,Sweden,2015,June,50
979,Sweden,2016,June,35
980,Sweden,2017,June,33
981,Sweden,2018,June,42
982,Sweden,2019,June,53
983,Sweden,2020,June,10
984,Sweden,2021,June,83
985,Ukraine,2015,June,57
986,Ukraine,2016,June,56
987,Ukraine,2017,June,42
988,Ukraine,2018,June,44
989,Ukraine,2019,June,38
990,Ukraine,2020,June,30
991,Ukraine,2021,June,127
992,Ukraine,2022,June,301
993,UnitedArabEmirates,2015,June,31
994,UnitedArabEmirates,2016,June,14
995,UnitedArabEmirates,2017,June,13
996,UnitedStates,2018,June,13
997,UnitedStates,2019,June,39
998,UnitedStates,2020,June,17
999,UnitedStates,2021,June,150
1000,UnitedStates,2022,June,181
1001,Yemen,2017,June,29
1002,Yemen,2018,June,60
1003,Yemen,2019,June,61
1004,Yemen,2020,June,37
1005,Yemen,2021,June,113
1006,Yemen,2022,June,222
1007,Yemen,2015,June,21
1008,Afghanistan,2015,July,40
1009,Afghanistan,2016,July,53
1010,Afghanistan,2017,July,71
1011,Afghanistan,2018,July,143
1012,Afghanistan,2019,July,163
1013,Afghanistan,2020,July,149
1014,Afghanistan,2021,July,229
1015,Afghanistan,2022,July,83
1016,Azerbaijan,2015,July,68
1017,Azerbaijan,2016,July,39
1018,Azerbaijan,2017,July,61
1019,Azerbaijan,2018,July,73
1020,Azerbaijan,2019,July,92
1021,Azerbaijan,2020,July,115
1022,Azerbaijan,2021,July,127
1023,Azerbaijan,2022,July,65
1024,Belgium,2016,July,20
1025,Belgium,2017,July,29
1026,Canada,2022,July,40
1027,China,2015,July,15
1028,China,2016,July,26
1029,China,2020,July,57
1030,China,2021,July,54
1031,China,2022,July,57
1032,Egypt,2015,July,15
1033,Egypt,2016,July,15
1034,Egypt,2017,July,46
1035,Egypt,2018,July,70
1036,Egypt,2019,July,107
1037,Egypt,2020,July,40
1038,Egypt,2021,July,97
1039,Egypt,2022,July,53
1040,England,2015,July,101
1041,England,2016,July,71
1042,England,2017,July,76
1043,England,2018,July,94
1044,England,2019,July,124
1045,England,2020,July,69
1046,England,2021,July,63
1047,England,2022,July,90
1048,Germany,2015,July,84
1049,Germany,2016,July,25
1050,Germany,2017,July,41
1051,Germany,2018,July,109
1052,Germany,2019,July,158
1053,Germany,2020,July,143
1054,Germany,2021,July,198
1055,Germany,2022,July,163
1056,Iran,2015,July,77
1057,Iran,2016,July,49
1058,Iran,2017,July,74
1059,Iran,2018,July,321
1060,Iran,2019,July,464
1061,Iran,2020,July,540
1062,Iran,2021,July,619
1063,Iran,2022,July,431
1064,Iraq,2015,July,362
1065,Iraq,2016,July,153
1066,Iraq,2017,July,293
1067,Iraq,2018,July,584
1068,Iraq,2019,July,734
1069,Iraq,2020,July,388
1070,Iraq,2021,July,712
1071,Iraq,2022,July,380
1072,Jordan,2015,July,20
1073,Jordan,2016,July,27
1074,Jordan,2017,July,32
1075,Jordan,2018,July,111
1076,Jordan,2019,July,139
1077,Jordan,2020,July,63
1078,Jordan,2021,July,102
1079,Jordan,2022,July,47
1080,Kazakhstan,2020,July,64
1081,Kazakhstan,2021,July,166
1082,Kazakhstan,2015,July,54
1083,Kazakhstan,2016,July,25
1084,Kazakhstan,2017,July,32
1085,Kazakhstan,2018,July,38
1086,Kazakhstan,2019,July,58
1087,Kazakhstan,2022,July,190
1088,Kuwait,2015,July,147
1089,Kuwait,2016,July,111
1090,Kuwait,2017,July,142
1091,Kuwait,2018,July,171
1092,Kuwait,2019,July,219
1093,Kuwait,2020,July,36
1094,Kuwait,2021,July,189
1095,Kuwait,2022,July,125
1096,Lebanese,2019,July,69
1097,Lebanese,2020,July,55
1098,Lebanon,2018,July,23
1099,Lebanon,2021,July,74
1100,Lebanon,2022,July,37
1101,Libya,2019,July,106
1102,Libya,2020,July,22
1103,Libya,2015,July,39
1104,Netherlands,2016,July,7
1105,Netherlands,2018,July,25
1106,Norway,2015,July,65
1107,Norway,2016,July,16
1108,Norway,2017,July,24
1109,Othercountries,2015,July,322
1110,Othercountries,2016,July,171
1111,Othercountries,2017,July,288
1112,Othercountries,2018,July,459
1113,Othercountries,2019,July,860
1114,Othercountries,2020,July,557
1115,Othercountries,2021,July,920
1116,Othercountries,2022,July,734
1117,Pakistani,2021,July,65
1118,Pakistani,2022,July,43
1119,Palestine,2017,July,28
1120,Palestine,2018,July,43
1121,Palestine,2019,July,109
1122,Palestine,2020,July,60
1123,Palestine,2021,July,81
1124,Palestine,2022,July,34
1125,Qatar,2015,July,22
1126,Qatar,2016,July,12
1127,Qatar,2017,July,22
1128,Qatar,2018,July,40
1129,Qatar,2019,July,46
1130,RussianFederation,2015,July,195
1131,RussianFederation,2016,July,64
1132,RussianFederation,2017,July,118
1133,RussianFederation,2018,July,173
1134,RussianFederation,2019,July,215
1135,RussianFederation,2020,July,154
1136,RussianFederation,2021,July,365
1137,RussianFederation,2022,July,1028
1138,SaudiArabia,2015,July,233
1139,SaudiArabia,2016,July,92
1140,SaudiArabia,2017,July,248
1141,SaudiArabia,2018,July,211
1142,SaudiArabia,2019,July,218
1143,SaudiArabia,2020,July,32
1144,SaudiArabia,2022,July,87
1145,Sudan,2021,July,42
1146,Sweden,2015,July,91
1147,Sweden,2016,July,31
1148,Sweden,2017,July,40
1149,Sweden,2018,July,54
1150,Sweden,2019,July,96
1151,Sweden,2020,July,34
1152,Sweden,2021,July,99
1153,Ukraine,2015,July,56
1154,Ukraine,2016,July,36
1155,Ukraine,2017,July,36
1156,Ukraine,2018,July,51
1157,Ukraine,2019,July,60
1158,Ukraine,2020,July,93
1159,Ukraine,2021,July,106
1160,Ukraine,2022,July,166
1161,UnitedArabEmirates,2015,July,31
1162,UnitedArabEmirates,2016,July,8
1163,UnitedArabEmirates,2017,July,26
1164,UnitedStates,2018,July,29
1165,UnitedStates,2019,July,64
1166,UnitedStates,2020,July,31
1167,UnitedStates,2021,July,153
1168,UnitedStates,2022,July,82
1169,Yemen,2017,July,21
1170,Yemen,2018,July,63
1171,Yemen,2019,July,140
1172,Yemen,2020,July,70
1173,Yemen,2021,July,103
1174,Yemen,2022,July,39
1175,Yemen,2015,July,12
1176,Afghanistan,2015,August,58
1177,Afghanistan,2016,August,75
1178,Afghanistan,2017,August,81
1179,Afghanistan,2018,August,183
1180,Afghanistan,2019,August,146
1181,Afghanistan,2020,August,156
1182,Afghanistan,2021,August,313
1183,Afghanistan,2022,August,108
1184,Azerbaijan,2015,August,54
1185,Azerbaijan,2016,August,53
1186,Azerbaijan,2017,August,45
1187,Azerbaijan,2018,August,96
1188,Azerbaijan,2019,August,88
1189,Azerbaijan,2020,August,154
1190,Azerbaijan,2021,August,138
1191,Azerbaijan,2022,August,106
1192,Belgium,2016,August,30
1193,Belgium,2017,August,22
1194,Canada,2022,August,53
1195,China,2015,August,25
1196,China,2016,August,11
1197,China,2020,August,103
1198,China,2021,August,98
1199,China,2022,August,42
1200,Egypt,2015,August,30
1201,Egypt,2016,August,41
1202,Egypt,2017,August,61
1203,Egypt,2018,August,90
1204,Egypt,2019,August,72
1205,Egypt,2020,August,70
1206,Egypt,2021,August,94
1207,Egypt,2022,August,88
1208,England,2015,August,86
1209,England,2016,August,58
1210,England,2017,August,78
1211,England,2018,August,97
1212,England,2019,August,109
1213,England,2020,August,140
1214,England,2021,August,110
1215,England,2022,August,92
1216,Germany,2015,August,71
1217,Germany,2016,August,52
1218,Germany,2017,August,66
1219,Germany,2018,August,177
1220,Germany,2019,August,149
1221,Germany,2020,August,134
1222,Germany,2021,August,262
1223,Germany,2022,August,256
1224,Iran,2015,August,58
1225,Iran,2016,August,50
1226,Iran,2017,August,49
1227,Iran,2018,August,394
1228,Iran,2019,August,469
1229,Iran,2020,August,640
1230,Iran,2021,August,911
1231,Iran,2022,August,633
1232,Iraq,2015,August,401
1233,Iraq,2016,August,267
1234,Iraq,2017,August,317
1235,Iraq,2018,August,944
1236,Iraq,2019,August,675
1237,Iraq,2020,August,592
1238,Iraq,2021,August,900
1239,Iraq,2022,August,417
1240,Jordan,2015,August,29
1241,Jordan,2016,August,29
1242,Jordan,2017,August,52
1243,Jordan,2018,August,124
1244,Jordan,2019,August,105
1245,Jordan,2020,August,82
1246,Jordan,2021,August,136
1247,Jordan,2022,August,66
1248,Kazakhstan,2020,August,82
1249,Kazakhstan,2021,August,176
1250,Kazakhstan,2015,August,58
1251,Kazakhstan,2016,August,42
1252,Kazakhstan,2017,August,18
1253,Kazakhstan,2018,August,57
1254,Kazakhstan,2019,August,59
1255,Kazakhstan,2022,August,231
1256,Kuwait,2015,August,226
1257,Kuwait,2016,August,155
1258,Kuwait,2017,August,135
1259,Kuwait,2018,August,271
1260,Kuwait,2019,August,159
1261,Kuwait,2020,August,137
1262,Kuwait,2021,August,264
1263,Kuwait,2022,August,195
1264,Lebanese,2019,August,39
1265,Lebanese,2020,August,77
1266,Lebanon,2018,August,38
1267,Lebanon,2021,August,99
1268,Lebanon,2022,August,76
1269,Libya,2019,August,87
1270,Libya,2020,August,37
1271,Libya,2015,August,40
1272,Netherlands,2016,August,14
1273,Netherlands,2018,August,53
1274,Norway,2015,August,41
1275,Norway,2016,August,24
1276,Norway,2017,August,26
1277,Othercountries,2015,August,263
1278,Othercountries,2016,August,214
1279,Othercountries,2017,August,275
1280,Othercountries,2018,August,540
1281,Othercountries,2019,August,676
1282,Othercountries,2020,August,770
1283,Othercountries,2021,August,1203
1284,Othercountries,2022,August,1068
1285,Pakistani,2021,August,93
1286,Pakistani,2022,August,55
1287,Palestine,2017,August,23
1288,Palestine,2018,August,58
1289,Palestine,2019,August,67
1290,Palestine,2020,August,65
1291,Palestine,2021,August,129
1292,Palestine,2022,August,60
1293,Qatar,2015,August,35
1294,Qatar,2016,August,19
1295,Qatar,2017,August,31
1296,Qatar,2018,August,84
1297,Qatar,2019,August,53
1298,RussianFederation,2015,August,155
1299,RussianFederation,2016,August,117
1300,RussianFederation,2017,August,95
1301,RussianFederation,2018,August,192
1302,RussianFederation,2019,August,212
1303,RussianFederation,2020,August,366
1304,RussianFederation,2021,August,451
1305,RussianFederation,2022,August,1238
1306,SaudiArabia,2015,August,271
1307,SaudiArabia,2016,August,173
1308,SaudiArabia,2017,August,198
1309,SaudiArabia,2018,August,275
1310,SaudiArabia,2019,August,146
1311,SaudiArabia,2020,August,51
1312,SaudiArabia,2022,August,150
1313,Sudan,2021,August,79
1314,Sweden,2015,August,60
1315,Sweden,2016,August,41
1316,Sweden,2017,August,30
1317,Sweden,2018,August,65
1318,Sweden,2019,August,119
1319,Sweden,2020,August,76
1320,Sweden,2021,August,95
1321,Ukraine,2015,August,35
1322,Ukraine,2016,August,40
1323,Ukraine,2017,August,37
1324,Ukraine,2018,August,50
1325,Ukraine,2019,August,56
1326,Ukraine,2020,August,76
1327,Ukraine,2021,August,98
1328,Ukraine,2022,August,219
1329,UnitedArabEmirates,2015,August,39
1330,UnitedArabEmirates,2016,August,17
1331,UnitedArabEmirates,2017,August,35
1332,UnitedStates,2018,August,40
1333,UnitedStates,2019,August,59
1334,UnitedStates,2020,August,58
1335,UnitedStates,2021,August,173
1336,UnitedStates,2022,August,126
1337,Yemen,2017,August,25
1338,Yemen,2018,August,66
1339,Yemen,2019,August,96
1340,Yemen,2020,August,66
1341,Yemen,2021,August,110
1342,Yemen,2022,August,61
1343,Yemen,2015,August,23
1344,Afghanistan,2015,September,56
1345,Afghanistan,2016,September,64
1346,Afghanistan,2017,September,75
1347,Afghanistan,2018,September,227
1348,Afghanistan,2019,September,182
1349,Afghanistan,2020,September,166
1350,Afghanistan,2021,September,270
1351,Afghanistan,2022,September,95
1352,Azerbaijan,2015,September,56
1353,Azerbaijan,2016,September,37
1354,Azerbaijan,2017,September,72
1355,Azerbaijan,2018,September,180
1356,Azerbaijan,2019,September,118
1357,Azerbaijan,2020,September,183
1358,Azerbaijan,2021,September,162
1359,Azerbaijan,2022,September,115
1360,Belgium,2016,September,20
1361,Belgium,2017,September,15
1362,Canada,2022,September,59
1363,China,2015,September,23
1364,China,2016,September,18
1365,China,2020,September,84
1366,China,2021,September,96
1367,China,2022,September,49
1368,Egypt,2015,September,21
1369,Egypt,2016,September,18
1370,Egypt,2017,September,49
1371,Egypt,2018,September,67
1372,Egypt,2019,September,73
1373,Egypt,2020,September,97
1374,Egypt,2021,September,108
1375,Egypt,2022,September,79
1376,England,2015,September,109
1377,England,2016,September,84
1378,England,2017,September,103
1379,England,2018,September,193
1380,England,2019,September,139
1381,England,2020,September,197
1382,England,2021,September,100
1383,England,2022,September,120
1384,Germany,2015,September,68
1385,Germany,2016,September,61
1386,Germany,2017,September,77
1387,Germany,2018,September,299
1388,Germany,2019,September,145
1389,Germany,2020,September,161
1390,Germany,2021,September,298
1391,Germany,2022,September,225
1392,Iran,2015,September,67
1393,Iran,2016,September,42
1394,Iran,2017,September,84
1395,Iran,2018,September,538
1396,Iran,2019,September,489
1397,Iran,2020,September,908
1398,Iran,2021,September,1323
1399,Iran,2022,September,592
1400,Iraq,2015,September,359
1401,Iraq,2016,September,230
1402,Iraq,2017,September,383
1403,Iraq,2018,September,1351
1404,Iraq,2019,September,781
1405,Iraq,2020,September,826
1406,Iraq,2021,September,990
1407,Iraq,2022,September,433
1408,Jordan,2015,September,26
1409,Jordan,2016,September,18
1410,Jordan,2017,September,41
1411,Jordan,2018,September,199
1412,Jordan,2019,September,151
1413,Jordan,2020,September,134
1414,Jordan,2021,September,133
1415,Jordan,2022,September,81
1416,Kazakhstan,2020,September,222
1417,Kazakhstan,2021,September,210
1418,Kazakhstan,2015,September,34
1419,Kazakhstan,2016,September,33
1420,Kazakhstan,2017,September,63
1421,Kazakhstan,2018,September,79
1422,Kazakhstan,2019,September,68
1423,Kazakhstan,2022,September,207
1424,Kuwait,2015,September,160
1425,Kuwait,2016,September,85
1426,Kuwait,2017,September,160
1427,Kuwait,2018,September,360
1428,Kuwait,2019,September,191
1429,Kuwait,2020,September,241
1430,Kuwait,2021,September,281
1431,Kuwait,2022,September,192
1432,Lebanese,2019,September,62
1433,Lebanese,2020,September,114
1434,Lebanon,2018,September,67
1435,Lebanon,2021,September,109
1436,Lebanon,2022,September,42
1437,Libya,2019,September,103
1438,Libya,2020,September,79
1439,Libya,2015,September,25
1440,Netherlands,2016,September,18
1441,Netherlands,2018,September,44
1442,Norway,2015,September,36
1443,Norway,2016,September,27
1444,Norway,2017,September,38
1445,Othercountries,2015,September,255
1446,Othercountries,2016,September,204
1447,Othercountries,2017,September,371
1448,Othercountries,2018,September,952
1449,Othercountries,2019,September,787
1450,Othercountries,2020,September,929
1451,Othercountries,2021,September,1312
1452,Othercountries,2022,September,995
1453,Pakistani,2021,September,90
1454,Pakistani,2022,September,48
1455,Palestine,2017,September,24
1456,Palestine,2018,September,73
1457,Palestine,2019,September,92
1458,Palestine,2020,September,123
1459,Palestine,2021,September,127
1460,Palestine,2022,September,57
1461,Qatar,2015,September,24
1462,Qatar,2016,September,11
1463,Qatar,2017,September,33
1464,Qatar,2018,September,136
1465,Qatar,2019,September,70
1466,RussianFederation,2015,September,115
1467,RussianFederation,2016,September,99
1468,RussianFederation,2017,September,129
1469,RussianFederation,2018,September,263
1470,RussianFederation,2019,September,248
1471,RussianFederation,2020,September,448
1472,RussianFederation,2021,September,540
1473,RussianFederation,2022,September,1196
1474,SaudiArabia,2015,September,204
1475,SaudiArabia,2016,September,140
1476,SaudiArabia,2017,September,344
1477,SaudiArabia,2018,September,312
1478,SaudiArabia,2019,September,214
1479,SaudiArabia,2020,September,52
1480,SaudiArabia,2022,September,159
1481,Sudan,2021,September,82
1482,Sweden,2015,September,43
1483,Sweden,2016,September,36
1484,Sweden,2017,September,46
1485,Sweden,2018,September,115
1486,Sweden,2019,September,69
1487,Sweden,2020,September,72
1488,Sweden,2021,September,92
1489,Ukraine,2015,September,55
1490,Ukraine,2016,September,42
1491,Ukraine,2017,September,41
1492,Ukraine,2018,September,54
1493,Ukraine,2019,September,55
1494,Ukraine,2020,September,73
1495,Ukraine,2021,September,101
1496,Ukraine,2022,September,204
1497,UnitedArabEmirates,2015,September,26
1498,UnitedArabEmirates,2016,September,12
1499,UnitedArabEmirates,2017,September,51
1500,UnitedStates,2018,September,58
1501,UnitedStates,2019,September,59
1502,UnitedStates,2020,September,81
1503,UnitedStates,2021,September,143
1504,UnitedStates,2022,September,113
1505,Yemen,2017,September,50
1506,Yemen,2018,September,95
1507,Yemen,2019,September,121
1508,Yemen,2020,September,159
1509,Yemen,2021,September,139
1510,Yemen,2022,September,43
1511,Yemen,2015,September,23
1512,Afghanistan,2015,October,75
1513,Afghanistan,2016,October,88
1514,Afghanistan,2017,October,120
1515,Afghanistan,2018,October,319
1516,Afghanistan,2019,October,185
1517,Afghanistan,2020,October,225
1518,Afghanistan,2021,October,188
1519,Afghanistan,2022,October,62
1520,Azerbaijan,2015,October,77
1521,Azerbaijan,2016,October,42
1522,Azerbaijan,2017,October,278
1523,Azerbaijan,2018,October,177
1524,Azerbaijan,2019,October,125
1525,Azerbaijan,2020,October,137
1526,Azerbaijan,2021,October,120
1527,Azerbaijan,2022,October,99
1528,Belgium,2016,October,12
1529,Belgium,2017,October,23
1530,Canada,2022,October,32
1531,China,2015,October,20
1532,China,2016,October,20
1533,China,2020,October,61
1534,China,2021,October,61
1535,China,2022,October,67
1536,Egypt,2015,October,32
1537,Egypt,2016,October,27
1538,Egypt,2017,October,34
1539,Egypt,2018,October,75
1540,Egypt,2019,October,83
1541,Egypt,2020,October,109
1542,Egypt,2021,October,129
1543,Egypt,2022,October,68
1544,England,2015,October,133
1545,England,2016,October,94
1546,England,2017,October,94
1547,England,2018,October,217
1548,England,2019,October,166
1549,England,2020,October,202
1550,England,2021,October,139
1551,England,2022,October,98
1552,Germany,2015,October,76
1553,Germany,2016,October,63
1554,Germany,2017,October,106
1555,Germany,2018,October,341
1556,Germany,2019,October,225
1557,Germany,2020,October,159
1558,Germany,2021,October,256
1559,Germany,2022,October,211
1560,Iran,2015,October,62
1561,Iran,2016,October,72
1562,Iran,2017,October,85
1563,Iran,2018,October,557
1564,Iran,2019,October,536
1565,Iran,2020,October,849
1566,Iran,2021,October,1265
1567,Iran,2022,October,498
1568,Iraq,2015,October,430
1569,Iraq,2016,October,257
1570,Iraq,2017,October,344
1571,Iraq,2018,October,1439
1572,Iraq,2019,October,597
1573,Iraq,2020,October,909
1574,Iraq,2021,October,926
1575,Iraq,2022,October,310
1576,Jordan,2015,October,25
1577,Jordan,2016,October,25
1578,Jordan,2017,October,75
1579,Jordan,2018,October,242
1580,Jordan,2019,October,121
1581,Jordan,2020,October,144
1582,Jordan,2021,October,105
1583,Jordan,2022,October,68
1584,Kazakhstan,2020,October,213
1585,Kazakhstan,2021,October,191
1586,Kazakhstan,2015,October,46
1587,Kazakhstan,2016,October,25
1588,Kazakhstan,2017,October,20
1589,Kazakhstan,2018,October,73
1590,Kazakhstan,2019,October,80
1591,Kazakhstan,2022,October,200
1592,Kuwait,2015,October,142
1593,Kuwait,2016,October,135
1594,Kuwait,2017,October,154
1595,Kuwait,2018,October,378
1596,Kuwait,2019,October,182
1597,Kuwait,2020,October,210
1598,Kuwait,2021,October,189
1599,Kuwait,2022,October,118
1600,Lebanese,2019,October,56
1601,Lebanese,2020,October,99
1602,Lebanon,2018,October,92
1603,Lebanon,2021,October,108
1604,Lebanon,2022,October,45
1605,Libya,2019,October,118
1606,Libya,2020,October,84
1607,Libya,2015,October,29
1608,Netherlands,2016,October,19
1609,Netherlands,2018,October,81
1610,Norway,2015,October,39
1611,Norway,2016,October,28
1612,Norway,2017,October,24
1613,Othercountries,2015,October,372
1614,Othercountries,2016,October,267
1615,Othercountries,2017,October,401
1616,Othercountries,2018,October,1079
1617,Othercountries,2019,October,893
1618,Othercountries,2020,October,957
1619,Othercountries,2021,October,1091
1620,Othercountries,2022,October,925
1621,Pakistani,2021,October,75
1622,Pakistani,2022,October,42
1623,Palestine,2017,October,40
1624,Palestine,2018,October,93
1625,Palestine,2019,October,100
1626,Palestine,2020,October,125
1627,Palestine,2021,October,106
1628,Palestine,2022,October,42
1629,Qatar,2015,October,26
1630,Qatar,2016,October,18
1631,Qatar,2017,October,47
1632,Qatar,2018,October,107
1633,Qatar,2019,October,53
1634,RussianFederation,2015,October,191
1635,RussianFederation,2016,October,132
1636,RussianFederation,2017,October,125
1637,RussianFederation,2018,October,336
1638,RussianFederation,2019,October,292
1639,RussianFederation,2020,October,400
1640,RussianFederation,2021,October,543
1641,RussianFederation,2022,October,2023
1642,SaudiArabia,2015,October,325
1643,SaudiArabia,2016,October,159
1644,SaudiArabia,2017,October,528
1645,SaudiArabia,2018,October,332
1646,SaudiArabia,2019,October,168
1647,SaudiArabia,2020,October,65
1648,SaudiArabia,2022,October,166
1649,Sudan,2021,October,69
1650,Sweden,2015,October,48
1651,Sweden,2016,October,39
1652,Sweden,2017,October,43
1653,Sweden,2018,October,102
1654,Sweden,2019,October,71
1655,Sweden,2020,October,71
1656,Sweden,2021,October,74
1657,Ukraine,2015,October,49
1658,Ukraine,2016,October,46
1659,Ukraine,2017,October,60
1660,Ukraine,2018,October,88
1661,Ukraine,2019,October,71
1662,Ukraine,2020,October,83
1663,Ukraine,2021,October,122
1664,Ukraine,2022,October,216
1665,UnitedArabEmirates,2015,October,28
1666,UnitedArabEmirates,2016,October,10
1667,UnitedArabEmirates,2017,October,66
1668,UnitedStates,2018,October,86
1669,UnitedStates,2019,October,57
1670,UnitedStates,2020,October,104
1671,UnitedStates,2021,October,109
1672,UnitedStates,2022,October,105
1673,Yemen,2017,October,27
1674,Yemen,2018,October,113
1675,Yemen,2019,October,132
1676,Yemen,2020,October,125
1677,Yemen,2021,October,97
1678,Yemen,2022,October,40
1679,Yemen,2015,October,24
1680,Afghanistan,2015,November,98
1681,Afghanistan,2016,November,91
1682,Afghanistan,2017,November,105
1683,Afghanistan,2018,November,261
1684,Afghanistan,2019,November,216
1685,Afghanistan,2020,November,203
1686,Afghanistan,2021,November,231
1687,Afghanistan,2022,November,80
1688,Azerbaijan,2015,November,88
1689,Azerbaijan,2016,November,47
1690,Azerbaijan,2017,November,62
1691,Azerbaijan,2018,November,144
1692,Azerbaijan,2019,November,91
1693,Azerbaijan,2020,November,104
1694,Azerbaijan,2021,November,185
1695,Azerbaijan,2022,November,104
1696,Belgium,2016,November,12
1697,Belgium,2017,November,14
1698,Canada,2022,November,55
1699,China,2015,November,24
1700,China,2016,November,22
1701,China,2020,November,74
1702,China,2021,November,117
1703,China,2022,November,39
1704,Egypt,2015,November,54
1705,Egypt,2016,November,41
1706,Egypt,2017,November,79
1707,Egypt,2018,November,69
1708,Egypt,2019,November,111
1709,Egypt,2020,November,92
1710,Egypt,2021,November,111
1711,Egypt,2022,November,79
1712,England,2015,November,74
1713,England,2016,November,63
1714,England,2017,November,68
1715,England,2018,November,128
1716,England,2019,November,133
1717,England,2020,November,147
1718,England,2021,November,157
1719,England,2022,November,92
1720,Germany,2015,November,84
1721,Germany,2016,November,77
1722,Germany,2017,November,88
1723,Germany,2018,November,203
1724,Germany,2019,November,154
1725,Germany,2020,November,145
1726,Germany,2021,November,322
1727,Germany,2022,November,224
1728,Iran,2015,November,64
1729,Iran,2016,November,82
1730,Iran,2017,November,81
1731,Iran,2018,November,463
1732,Iran,2019,November,500
1733,Iran,2020,November,860
1734,Iran,2021,November,1406
1735,Iran,2022,November,510
1736,Iraq,2015,November,495
1737,Iraq,2016,November,285
1738,Iraq,2017,November,405
1739,Iraq,2018,November,1003
1740,Iraq,2019,November,575
1741,Iraq,2020,November,876
1742,Iraq,2021,November,1075
1743,Iraq,2022,November,331
1744,Jordan,2015,November,18
1745,Jordan,2016,November,55
1746,Jordan,2017,November,59
1747,Jordan,2018,November,143
1748,Jordan,2019,November,158
1749,Jordan,2020,November,103
1750,Jordan,2021,November,162
1751,Jordan,2022,November,78
1752,Kazakhstan,2020,November,124
1753,Kazakhstan,2021,November,278
1754,Kazakhstan,2015,November,53
1755,Kazakhstan,2016,November,18
1756,Kazakhstan,2017,November,31
1757,Kazakhstan,2018,November,60
1758,Kazakhstan,2019,November,91
1759,Kazakhstan,2022,November,191
1760,Kuwait,2015,November,193
1761,Kuwait,2016,November,212
1762,Kuwait,2017,November,151
1763,Kuwait,2018,November,218
1764,Kuwait,2019,November,109
1765,Kuwait,2020,November,202
1766,Kuwait,2021,November,185
1767,Kuwait,2022,November,116
1768,Lebanese,2019,November,47
1769,Lebanese,2020,November,79
1770,Lebanon,2018,November,77
1771,Lebanon,2021,November,132
1772,Lebanon,2022,November,50
1773,Libya,2019,November,122
1774,Libya,2020,November,63
1775,Libya,2015,November,25
1776,Netherlands,2016,November,12
1777,Netherlands,2018,November,43
1778,Norway,2015,November,31
1779,Norway,2016,November,33
1780,Norway,2017,November,27
1781,Othercountries,2015,November,305
1782,Othercountries,2016,November,280
1783,Othercountries,2017,November,379
1784,Othercountries,2018,November,892
1785,Othercountries,2019,November,851
1786,Othercountries,2020,November,961
1787,Othercountries,2021,November,1374
1788,Othercountries,2022,November,939
1789,Pakistani,2021,November,96
1790,Pakistani,2022,November,61
1791,Palestine,2017,November,38
1792,Palestine,2018,November,115
1793,Palestine,2019,November,56
1794,Palestine,2020,November,88
1795,Palestine,2021,November,169
1796,Palestine,2022,November,59
1797,Qatar,2015,November,20
1798,Qatar,2016,November,19
1799,Qatar,2017,November,41
1800,Qatar,2018,November,85
1801,Qatar,2019,November,59
1802,RussianFederation,2015,November,136
1803,RussianFederation,2016,November,107
1804,RussianFederation,2017,November,135
1805,RussianFederation,2018,November,261
1806,RussianFederation,2019,November,300
1807,RussianFederation,2020,November,434
1808,RussianFederation,2021,November,836
1809,RussianFederation,2022,November,2575
1810,SaudiArabia,2015,November,226
1811,SaudiArabia,2016,November,236
1812,SaudiArabia,2017,November,239
1813,SaudiArabia,2018,November,233
1814,SaudiArabia,2019,November,174
1815,SaudiArabia,2020,November,65
1816,SaudiArabia,2022,November,128
1817,Sudan,2021,November,79
1818,Sweden,2015,November,42
1819,Sweden,2016,November,42
1820,Sweden,2017,November,38
1821,Sweden,2018,November,85
1822,Sweden,2019,November,53
1823,Sweden,2020,November,69
1824,Sweden,2021,November,98
1825,Ukraine,2015,November,60
1826,Ukraine,2016,November,46
1827,Ukraine,2017,November,58
1828,Ukraine,2018,November,60
1829,Ukraine,2019,November,57
1830,Ukraine,2020,November,105
1831,Ukraine,2021,November,163
1832,Ukraine,2022,November,277
1833,UnitedArabEmirates,2015,November,25
1834,UnitedArabEmirates,2016,November,13
1835,UnitedArabEmirates,2017,November,24
1836,UnitedStates,2018,November,70
1837,UnitedStates,2019,November,71
1838,UnitedStates,2020,November,93
1839,UnitedStates,2021,November,142
1840,UnitedStates,2022,November,89
1841,Yemen,2017,November,49
1842,Yemen,2018,November,105
1843,Yemen,2019,November,109
1844,Yemen,2020,November,135
1845,Yemen,2021,November,123
1846,Yemen,2022,November,56
1847,Yemen,2015,November,15
1848,Afghanistan,2015,December,120
1849,Afghanistan,2016,December,94
1850,Afghanistan,2017,December,102
1851,Afghanistan,2018,December,232
1852,Afghanistan,2019,December,312
1853,Afghanistan,2020,December,224
1854,Afghanistan,2021,December,254
1855,Afghanistan,2022,December,103
1856,Azerbaijan,2015,December,82
1857,Azerbaijan,2016,December,56
1858,Azerbaijan,2017,December,91
1859,Azerbaijan,2018,December,166
1860,Azerbaijan,2019,December,146
1861,Azerbaijan,2020,December,155
1862,Azerbaijan,2021,December,192
1863,Azerbaijan,2022,December,139
1864,Belgium,2016,December,19
1865,Belgium,2017,December,14
1866,Canada,2022,December,75
1867,China,2015,December,54
1868,China,2016,December,31
1869,China,2020,December,97
1870,China,2021,December,146
1871,China,2022,December,81
1872,Egypt,2015,December,51
1873,Egypt,2016,December,38
1874,Egypt,2017,December,67
1875,Egypt,2018,December,86
1876,Egypt,2019,December,100
1877,Egypt,2020,December,79
1878,Egypt,2021,December,163
1879,Egypt,2022,December,71
1880,England,2015,December,65
1881,England,2016,December,49
1882,England,2017,December,52
1883,England,2018,December,96
1884,England,2019,December,106
1885,England,2020,December,101
1886,England,2021,December,150
1887,England,2022,December,71
1888,Germany,2015,December,108
1889,Germany,2016,December,50
1890,Germany,2017,December,93
1891,Germany,2018,December,195
1892,Germany,2019,December,147
1893,Germany,2020,December,114
1894,Germany,2021,December,296
1895,Germany,2022,December,212
1896,Iran,2015,December,79
1897,Iran,2016,December,45
1898,Iran,2017,December,118
1899,Iran,2018,December,435
1900,Iran,2019,December,763
1901,Iran,2020,December,764
1902,Iran,2021,December,1462
1903,Iran,2022,December,675
1904,Iraq,2015,December,512
1905,Iraq,2016,December,244
1906,Iraq,2017,December,418
1907,Iraq,2018,December,897
1908,Iraq,2019,December,897
1909,Iraq,2020,December,724
1910,Iraq,2021,December,1039
1911,Iraq,2022,December,345
1912,Jordan,2015,December,30
1913,Jordan,2016,December,64
1914,Jordan,2017,December,44
1915,Jordan,2018,December,170
1916,Jordan,2019,December,154
1917,Jordan,2020,December,124
1918,Jordan,2021,December,183
1919,Jordan,2022,December,53
1920,Kazakhstan,2020,December,170
1921,Kazakhstan,2021,December,282
1922,Kazakhstan,2015,December,39
1923,Kazakhstan,2016,December,35
1924,Kazakhstan,2017,December,30
1925,Kazakhstan,2018,December,47
1926,Kazakhstan,2019,December,104
1927,Kazakhstan,2022,December,266
1928,Kuwait,2015,December,209
1929,Kuwait,2016,December,153
1930,Kuwait,2017,December,151
1931,Kuwait,2018,December,195
1932,Kuwait,2019,December,173
1933,Kuwait,2020,December,108
1934,Kuwait,2021,December,263
1935,Kuwait,2022,December,119
1936,Lebanese,2019,December,60
1937,Lebanese,2020,December,62
1938,Lebanon,2018,December,65
1939,Lebanon,2021,December,128
1940,Lebanon,2022,December,48
1941,Libya,2019,December,133
1942,Libya,2020,December,54
1943,Libya,2015,December,36
1944,Netherlands,2016,December,26
1945,Netherlands,2018,December,45
1946,Norway,2015,December,15
1947,Norway,2016,December,12
1948,Norway,2017,December,20
1949,Othercountries,2015,December,337
1950,Othercountries,2016,December,317
1951,Othercountries,2017,December,359
1952,Othercountries,2018,December,923
1953,Othercountries,2019,December,1007
1954,Othercountries,2020,December,827
1955,Othercountries,2021,December,1570
1956,Othercountries,2022,December,1068
1957,Pakistani,2021,December,109
1958,Pakistani,2022,December,45
1959,Palestine,2017,December,31
1960,Palestine,2018,December,95
1961,Palestine,2019,December,161
1962,Palestine,2020,December,86
1963,Palestine,2021,December,150
1964,Palestine,2022,December,63
1965,Qatar,2015,December,19
1966,Qatar,2016,December,38
1967,Qatar,2017,December,37
1968,Qatar,2018,December,81
1969,Qatar,2019,December,71
1970,RussianFederation,2015,December,150
1971,RussianFederation,2016,December,84
1972,RussianFederation,2017,December,129
1973,RussianFederation,2018,December,257
1974,RussianFederation,2019,December,362
1975,RussianFederation,2020,December,349
1976,RussianFederation,2021,December,885
1977,RussianFederation,2022,December,2403
1978,SaudiArabia,2015,December,258
1979,SaudiArabia,2016,December,204
1980,SaudiArabia,2017,December,271
1981,SaudiArabia,2018,December,268
1982,SaudiArabia,2019,December,194
1983,SaudiArabia,2020,December,62
1984,SaudiArabia,2022,December,162
1985,Sudan,2021,December,75
1986,Sweden,2015,December,33
1987,Sweden,2016,December,27
1988,Sweden,2017,December,34
1989,Sweden,2018,December,76
1990,Sweden,2019,December,55
1991,Sweden,2020,December,60
1992,Sweden,2021,December,98
1993,Ukraine,2015,December,40
1994,Ukraine,2016,December,42
1995,Ukraine,2017,December,41
1996,Ukraine,2018,December,62
1997,Ukraine,2019,December,103
1998,Ukraine,2020,December,68
1999,Ukraine,2021,December,171
2000,Ukraine,2022,December,306
2001,UnitedArabEmirates,2015,December,35
2002,UnitedArabEmirates,2016,December,36
2003,UnitedArabEmirates,2017,December,32
2004,UnitedStates,2018,December,77
2005,UnitedStates,2019,December,62
2006,UnitedStates,2020,December,99
2007,UnitedStates,2021,December,151
2008,UnitedStates,2022,December,103
2009,Yemen,2017,December,47
2010,Yemen,2018,December,146
2011,Yemen,2019,December,241
2012,Yemen,2020,December,152
2013,Yemen,2021,December,163
2014,Yemen,2022,December,61
2015,Yemen,2015,December,22
